origin, destination, date, miles, dollars, error
ORD, hnl, 02-15-2023, 47.1k miles, $5.60
ORD, hnl, 02-16-2023, 47.1k miles, $5.60
ORD, hnl, 02-17-2023, 47.1k miles, $5.60
ORD, hnl, 02-18-2023, 47.1k miles, $5.60
ORD, hnl, 02-19-2023, 24.2k miles, $5.60
ORD, hnl, 02-20-2023, 24.2k miles, $5.60
ORD, hnl, 02-21-2023, 24.2k miles, $5.60
ORD, hnl, 02-22-2023, 24.2k miles, $5.60
ORD, hnl, 02-23-2023, 24.2k miles, $5.60
ORD, hnl, 02-24-2023, 24.2k miles, $5.60
ORD, hnl, 02-25-2023, 22.5k miles, $5.60Lowestprice
ORD, hnl, 02-26-2023, 22.5k miles, $5.60Lowestprice
ORD, hnl, 02-27-2023, 22.5k miles, $5.60Lowestprice
ORD, hnl, 02-28-2023, 22.5k miles, $5.60Lowestprice
ORD, hnl, 03-01-2023, 22.5k miles, $5.60Lowestpriceselected
ORD, hnl, 03-02-2023, 43.9k miles, $5.60
ORD, hnl, 03-03-2023, 22.5k miles, $5.60Lowestprice
ORD, hnl, 03-04-2023, 22.5k miles, $5.60Lowestprice
ORD, hnl, 03-05-2023, 22.5k miles, $5.60Lowestprice
ORD, hnl, 03-06-2023, 22.5k miles, $5.60Lowestprice
ORD, hnl, 03-07-2023, 22.5k miles, $5.60Lowestprice
ORD, hnl, 03-08-2023, 22.5k miles, $5.60Lowestprice
ORD, hnl, 03-09-2023, 45k miles, $5.60
ORD, hnl, 03-10-2023, 45k miles, $5.60
ORD, hnl, 03-11-2023, 43.5k miles, $5.60
ORD, hnl, 03-12-2023, 45k miles, $5.60
ORD, hnl, 03-13-2023, 24.8k miles, $5.60
ORD, hnl, 03-14-2023, 22.5k miles, $5.60Lowestprice
ORD, hnl, 03-15-2023, 22.5k miles, $5.60Lowestprice
ORD, hnl, 03-16-2023, 43.8k miles, $5.60
ORD, slc, 02-15-2023, 34.6k miles, $5.60
ORD, slc, 02-16-2023, 34.6k miles, $11.20
ORD, slc, 02-17-2023, 34.6k miles, $5.60
ORD, slc, 02-18-2023, 33.5k miles, $5.60
ORD, slc, 02-19-2023, 24.6k miles, $5.60
ORD, slc, 02-20-2023, 24.6k miles, $5.60
ORD, slc, 02-21-2023, 22.2k miles, $11.20
ORD, slc, 02-22-2023, 30.4k miles, $5.60
ORD, slc, 02-23-2023, 34.4k miles, $5.60
ORD, slc, 02-24-2023, 25.9k miles, $11.20
ORD, slc, 02-25-2023, 16.7k miles, $11.20
ORD, slc, 02-26-2023, 15k miles, $5.60Lowestprice
ORD, slc, 02-27-2023, 15k miles, $5.60Lowestprice
ORD, slc, 02-28-2023, 15k miles, $5.60Lowestprice
ORD, slc, 03-01-2023, 25.3k miles, $11.20selected
ORD, slc, 03-02-2023, 32.5k miles, $5.60
ORD, slc, 03-03-2023, 26.4k miles, $5.60
ORD, slc, 03-04-2023, 15k miles, $11.20
ORD, slc, 03-05-2023, 19.5k miles, $5.60
ORD, slc, 03-06-2023, 19.9k miles, $5.60
ORD, slc, 03-07-2023, 15k miles, $5.60Lowestprice
ORD, slc, 03-08-2023, 25.4k miles, $5.60
ORD, slc, 03-09-2023, 32.5k miles, $5.60
ORD, slc, 03-10-2023, 32.5k miles, $5.60
ORD, slc, 03-11-2023, 32.5k miles, $5.60
ORD, slc, 03-12-2023, 24.7k miles, $5.60
ORD, slc, 03-13-2023, 22.7k miles, $5.60
ORD, slc, 03-14-2023, 17.2k miles, $5.60
ORD, slc, 03-15-2023, 20.3k miles, $5.60
ORD, slc, 03-16-2023, 28.6k miles, $5.60
ORD, dfw, 02-15-2023, 9.3k miles, $5.60
ORD, dfw, 02-16-2023, 17.1k miles, $5.60
ORD, dfw, 02-17-2023, 15k miles, $5.60
ORD, dfw, 02-18-2023, 9.7k miles, $5.60
ORD, dfw, 02-19-2023, 9.7k miles, $5.60
ORD, dfw, 02-20-2023, 16.9k miles, $5.60
ORD, dfw, 02-21-2023, 9.2k miles, $5.60
ORD, dfw, 02-22-2023, 9.2k miles, $5.60
ORD, dfw, 02-23-2023, 14.6k miles, $5.60
ORD, dfw, 02-24-2023, 9.7k miles, $5.60
ORD, dfw, 02-25-2023, 8.7k miles, $5.60
ORD, dfw, 02-26-2023, 10k miles, $5.60
ORD, dfw, 02-27-2023, 8.7k miles, $5.60
ORD, dfw, 02-28-2023, 6k miles, $5.60Lowestprice
ORD, dfw, 03-01-2023, 8.7k miles, $5.60selected
ORD, dfw, 03-02-2023, 12.5k miles, $5.60
ORD, dfw, 03-03-2023, 11.1k miles, $5.60
ORD, dfw, 03-04-2023, 8.7k miles, $5.60
ORD, dfw, 03-05-2023, 10.6k miles, $5.60
ORD, dfw, 03-06-2023, 12.5k miles, $5.60
ORD, dfw, 03-07-2023, 8.7k miles, $5.60
ORD, dfw, 03-08-2023, 12.5k miles, $5.60
ORD, dfw, 03-09-2023, 15k miles, $5.60
ORD, dfw, 03-10-2023, 13.8k miles, $5.60
ORD, dfw, 03-11-2023, 13.8k miles, $5.60
ORD, dfw, 03-12-2023, 13.8k miles, $5.60
ORD, dfw, 03-13-2023, 15k miles, $5.60
ORD, dfw, 03-14-2023, 12.6k miles, $5.60
ORD, dfw, 03-15-2023, 15k miles, $5.60
ORD, dfw, 03-16-2023, 19.8k miles, $5.60
ORD, lax, 02-15-2023, 16.9k miles, $5.60
ORD, lax, 02-16-2023, 26.6k miles, $5.60
ORD, lax, 02-17-2023, 24.8k miles, $5.60
ORD, lax, 02-18-2023, 14.1k miles, $5.60
ORD, lax, 02-19-2023, 11.8k miles, $5.60
ORD, lax, 02-20-2023, 16.7k miles, $11.20
ORD, lax, 02-21-2023, 9.7k miles, $5.60
ORD, lax, 02-22-2023, 11.8k miles, $5.60
ORD, lax, 02-23-2023, 16.7k miles, $5.60
ORD, lax, 02-24-2023, 11.8k miles, $5.60
ORD, lax, 02-25-2023, 8.7k miles, $5.60Lowestprice
ORD, lax, 02-26-2023, 10.6k miles, $5.60
ORD, lax, 02-27-2023, 10.6k miles, $5.60
ORD, lax, 02-28-2023, 8.7k miles, $5.60Lowestprice
ORD, lax, 03-01-2023, 12.8k miles, $5.60selected
ORD, lax, 03-02-2023, 15k miles, $11.20
ORD, lax, 03-03-2023, 13.7k miles, $5.60
ORD, lax, 03-04-2023, 10.6k miles, $5.60
ORD, lax, 03-05-2023, 13.7k miles, $5.60
ORD, lax, 03-06-2023, 12.6k miles, $5.60
ORD, lax, 03-07-2023, 9.6k miles, $5.60
ORD, lax, 03-08-2023, 10.6k miles, $5.60
ORD, lax, 03-09-2023, 15k miles, $11.20
ORD, lax, 03-10-2023, 22.4k miles, $5.60
ORD, lax, 03-11-2023, 20.5k miles, $5.60
ORD, lax, 03-12-2023, 15k miles, $11.20
ORD, lax, 03-13-2023, 15k miles, $5.60
ORD, lax, 03-14-2023, 15k miles, $5.60
ORD, lax, 03-15-2023, 15k miles, $5.60
ORD, lax, 03-16-2023, 15k miles, $5.60
ORD, sea, 02-15-2023, 15k miles, $5.60
ORD, sea, 02-16-2023, 15k miles, $5.60
ORD, sea, 02-17-2023, 15k miles, $5.60
ORD, sea, 02-18-2023, 9.5k miles, $5.60
ORD, sea, 02-19-2023, 13.9k miles, $5.60
ORD, sea, 02-20-2023, 15k miles, $5.60
ORD, sea, 02-21-2023, 12.8k miles, $5.60
ORD, sea, 02-22-2023, 12.8k miles, $5.60
ORD, sea, 02-23-2023, 13.9k miles, $5.60
ORD, sea, 02-24-2023, 15k miles, $5.60
ORD, sea, 02-25-2023, 14.6k miles, $5.60
ORD, sea, 02-26-2023, 18.5k miles, $5.60
ORD, sea, 02-27-2023, 12.5k miles, $5.60
ORD, sea, 02-28-2023, 11.5k miles, $5.60
ORD, sea, 03-01-2023, 11.5k miles, $5.60selected
ORD, sea, 03-02-2023, 12.5k miles, $5.60
ORD, sea, 03-03-2023, 12.5k miles, $5.60
ORD, sea, 03-04-2023, 7.2k miles, $5.60Lowestprice
ORD, sea, 03-05-2023, 15k miles, $11.20
ORD, sea, 03-06-2023, 12.5k miles, $5.60
ORD, sea, 03-07-2023, 11.5k miles, $5.60
ORD, sea, 03-08-2023, 14.1k miles, $5.60
ORD, sea, 03-09-2023, 15k miles, $5.60
ORD, sea, 03-10-2023, 23k miles, $5.60
ORD, sea, 03-11-2023, 15k miles, $5.60
ORD, sea, 03-12-2023, 26.4k miles, $5.60
ORD, sea, 03-13-2023, 15k miles, $5.60
ORD, sea, 03-14-2023, 11.5k miles, $5.60
ORD, sea, 03-15-2023, 13.5k miles, $5.60
ORD, sea, 03-16-2023, 15k miles, $5.60
ORD, atl, 02-15-2023, 10.7k miles, $5.60
ORD, atl, 02-16-2023, 12.8k miles, $5.60
ORD, atl, 02-17-2023, 17.4k miles, $5.60
ORD, atl, 02-18-2023, 10.7k miles, $5.60
ORD, atl, 02-19-2023, 13k miles, $5.60
ORD, atl, 02-20-2023, 13k miles, $5.60
ORD, atl, 02-21-2023, 8.7k miles, $5.60
ORD, atl, 02-22-2023, 8.7k miles, $5.60
ORD, atl, 02-23-2023, 10.7k miles, $5.60
ORD, atl, 02-24-2023, 10.7k miles, $5.60
ORD, atl, 02-25-2023, 7.8k miles, $5.60Lowestprice
ORD, atl, 02-26-2023, 11.6k miles, $5.60
ORD, atl, 02-27-2023, 8.7k miles, $5.60
ORD, atl, 02-28-2023, 7.8k miles, $5.60Lowestprice
ORD, atl, 03-01-2023, 7.8k miles, $5.60Lowestpriceselected
ORD, atl, 03-02-2023, 8.7k miles, $5.60
ORD, atl, 03-03-2023, 8.7k miles, $5.60
ORD, atl, 03-04-2023, 7.8k miles, $5.60Lowestprice
ORD, atl, 03-05-2023, 15.3k miles, $5.60
ORD, atl, 03-06-2023, 15k miles, $5.60
ORD, atl, 03-07-2023, 7.8k miles, $5.60Lowestprice
ORD, atl, 03-08-2023, 7.8k miles, $5.60Lowestprice
ORD, atl, 03-09-2023, 13k miles, $5.60
ORD, atl, 03-10-2023, 14.5k miles, $5.60
ORD, atl, 03-11-2023, 14.5k miles, $5.60
ORD, atl, 03-12-2023, 21.3k miles, $5.60
ORD, atl, 03-13-2023, 15.3k miles, $5.60
ORD, atl, 03-14-2023, 10.7k miles, $5.60
ORD, atl, 03-15-2023, 10.7k miles, $5.60
ORD, atl, 03-16-2023, 14.5k miles, $5.60
ORD, mia, 02-15-2023, 22.5k miles, $5.60
ORD, mia, 02-16-2023, 34.6k miles, $5.60
ORD, mia, 02-17-2023, 34.6k miles, $5.60
ORD, mia, 02-18-2023, 17.4k miles, $5.60
ORD, mia, 02-19-2023, 10.7k miles, $5.60
ORD, mia, 02-20-2023, 14.5k miles, $5.60
ORD, mia, 02-21-2023, 8.7k miles, $5.60
ORD, mia, 02-22-2023, 13k miles, $5.60
ORD, mia, 02-23-2023, 23.7k miles, $5.60
ORD, mia, 02-24-2023, 22.7k miles, $5.60
ORD, mia, 02-25-2023, 15k miles, $5.60
ORD, mia, 02-26-2023, 9.5k miles, $5.60
ORD, mia, 02-27-2023, 8.7k miles, $5.60
ORD, mia, 02-28-2023, 7.8k miles, $5.60Lowestprice
ORD, mia, 03-01-2023, 15k miles, $5.60selected
ORD, mia, 03-02-2023, 21k miles, $5.60
ORD, mia, 03-03-2023, 22.5k miles, $5.60
ORD, mia, 03-04-2023, 15k miles, $5.60
ORD, mia, 03-05-2023, 17.5k miles, $5.60
ORD, mia, 03-06-2023, 8.7k miles, $5.60
ORD, mia, 03-07-2023, 7.8k miles, $5.60Lowestprice
ORD, mia, 03-08-2023, 15k miles, $5.60
ORD, mia, 03-09-2023, 21k miles, $5.60
ORD, mia, 03-10-2023, 32.5k miles, $5.60
ORD, mia, 03-11-2023, 21.9k miles, $5.60
ORD, mia, 03-12-2023, 21.9k miles, $5.60
ORD, mia, 03-13-2023, 15k miles, $5.60
ORD, mia, 03-14-2023, 12.6k miles, $5.60
ORD, mia, 03-15-2023, 15k miles, $5.60
ORD, mia, 03-16-2023, 21.8k miles, $5.60
ORD, mco, 02-15-2023, 27.2k miles, $5.60
ORD, mco, 02-16-2023, 34.6k miles, $5.60
ORD, mco, 02-17-2023, 34.6k miles, $5.60
ORD, mco, 02-18-2023, 27.2k miles, $5.60
ORD, mco, 02-19-2023, 10.7k miles, $5.60
ORD, mco, 02-20-2023, 10.7k miles, $5.60
ORD, mco, 02-21-2023, 8.7k miles, $5.60
ORD, mco, 02-22-2023, 12k miles, $5.60
ORD, mco, 02-23-2023, 16.7k miles, $5.60
ORD, mco, 02-24-2023, 17.2k miles, $5.60
ORD, mco, 02-25-2023, 7.8k miles, $5.60Lowestprice
ORD, mco, 02-26-2023, 8.7k miles, $5.60
ORD, mco, 02-27-2023, 8.7k miles, $5.60
ORD, mco, 02-28-2023, 7.8k miles, $5.60Lowestprice
ORD, mco, 03-01-2023, 19.2k miles, $5.60selected
ORD, mco, 03-02-2023, 19.6k miles, $5.60
ORD, mco, 03-03-2023, 15k miles, $5.60
ORD, mco, 03-04-2023, 7.8k miles, $5.60Lowestprice
ORD, mco, 03-05-2023, 8.7k miles, $5.60
ORD, mco, 03-06-2023, 8.7k miles, $5.60
ORD, mco, 03-07-2023, 7.8k miles, $5.60Lowestprice
ORD, mco, 03-08-2023, 11.5k miles, $5.60
ORD, mco, 03-09-2023, 19.8k miles, $5.60
ORD, mco, 03-10-2023, 20.8k miles, $5.60
ORD, mco, 03-11-2023, 19.8k miles, $5.60
ORD, mco, 03-12-2023, 15k miles, $5.60
ORD, mco, 03-13-2023, 15k miles, $5.60
ORD, mco, 03-14-2023, 12.1k miles, $5.60
ORD, mco, 03-15-2023, 14.7k miles, $5.60
ORD, mco, 03-16-2023, 16.6k miles, $5.60
ORD, sfo, 02-15-2023, 15k miles, $5.60
ORD, sfo, 02-16-2023, 33.5k miles, $5.60
ORD, sfo, 02-17-2023, 33.5k miles, $5.60
ORD, sfo, 02-18-2023, 11.3k miles, $5.60
ORD, sfo, 02-19-2023, 15k miles, $5.60
ORD, sfo, 02-20-2023, 15k miles, $5.60
ORD, sfo, 02-21-2023, 13.9k miles, $5.60
ORD, sfo, 02-22-2023, 13.9k miles, $5.60
ORD, sfo, 02-23-2023, 16.7k miles, $5.60
ORD, sfo, 02-24-2023, 15k miles, $5.60
ORD, sfo, 02-25-2023, 13.7k miles, $5.60
ORD, sfo, 02-26-2023, 15k miles, $5.60
ORD, sfo, 02-27-2023, 15k miles, $5.60
ORD, sfo, 02-28-2023, 12.5k miles, $5.60
ORD, sfo, 03-01-2023, 12.5k miles, $5.60selected
ORD, sfo, 03-02-2023, 15k miles, $5.60
ORD, sfo, 03-03-2023, 15k miles, $5.60
ORD, sfo, 03-04-2023, 10.2k miles, $5.60Lowestprice
ORD, sfo, 03-05-2023, 15k miles, $5.60
ORD, sfo, 03-06-2023, 15k miles, $5.60
ORD, sfo, 03-07-2023, 12.5k miles, $5.60
ORD, sfo, 03-08-2023, 12.5k miles, $5.60
ORD, sfo, 03-09-2023, 15k miles, $5.60
ORD, sfo, 03-10-2023, 19.6k miles, $5.60
ORD, sfo, 03-11-2023, 15k miles, $11.20
ORD, sfo, 03-12-2023, 19.6k miles, $5.60
ORD, sfo, 03-13-2023, 15k miles, $11.20
ORD, sfo, 03-14-2023, 15k miles, $5.60
ORD, sfo, 03-15-2023, 15k miles, $5.60
ORD, sfo, 03-16-2023, 15k miles, $5.60
ORD, jfk, 02-15-2023, 15k miles, $5.60
ORD, jfk, 02-16-2023, 15k miles, $5.60
ORD, jfk, 02-17-2023, 15k miles, $5.60
ORD, jfk, 02-18-2023, 7.9k miles, $5.60
ORD, jfk, 02-19-2023, 12.6k miles, $5.60
ORD, jfk, 02-20-2023, 12.6k miles, $5.60
ORD, jfk, 02-21-2023, 12.6k miles, $5.60
ORD, jfk, 02-22-2023, 12.6k miles, $5.60
ORD, jfk, 02-23-2023, 12.6k miles, $5.60
ORD, jfk, 02-24-2023, 12.6k miles, $5.60
ORD, jfk, 02-25-2023, 14.1k miles, $5.60
ORD, jfk, 02-26-2023, 12.6k miles, $5.60
ORD, jfk, 02-27-2023, 9.1k miles, $5.60
ORD, jfk, 02-28-2023, 9.1k miles, $5.60
ORD, jfk, 03-01-2023, 9.1k miles, $5.60selected
ORD, jfk, 03-02-2023, 9.1k miles, $5.60
ORD, jfk, 03-03-2023, 9.1k miles, $5.60
ORD, jfk, 03-04-2023, 7.1k miles, $5.60Lowestprice
ORD, jfk, 03-05-2023, 9.1k miles, $5.60
ORD, jfk, 03-06-2023, 9.1k miles, $5.60
ORD, jfk, 03-07-2023, 9.1k miles, $5.60
ORD, jfk, 03-08-2023, 9.1k miles, $5.60
ORD, jfk, 03-09-2023, 9.1k miles, $5.60
ORD, jfk, 03-10-2023, 10.9k miles, $5.60
ORD, jfk, 03-11-2023, 10.9k miles, $5.60
ORD, jfk, 03-12-2023, 10.1k miles, $5.60
ORD, jfk, 03-13-2023, 9.1k miles, $5.60
ORD, jfk, 03-14-2023, 9.1k miles, $5.60
ORD, jfk, 03-15-2023, 9.1k miles, $5.60
ORD, jfk, 03-16-2023, 9.1k miles, $5.60
ORD, ewr, 02-15-2023, 15k miles, $5.60
ORD, ewr, 02-16-2023, 15k miles, $5.60
ORD, ewr, 02-17-2023, 15k miles, $5.60
ORD, ewr, 02-18-2023, 7.9k miles, $5.60
ORD, ewr, 02-19-2023, 12.6k miles, $5.60
ORD, ewr, 02-20-2023, 12.6k miles, $5.60
ORD, ewr, 02-21-2023, 12.6k miles, $5.60
ORD, ewr, 02-22-2023, 12.6k miles, $5.60
ORD, ewr, 02-23-2023, 12.6k miles, $5.60
ORD, ewr, 02-24-2023, 12.6k miles, $5.60
ORD, ewr, 02-25-2023, 14.1k miles, $5.60
ORD, ewr, 02-26-2023, 12.6k miles, $5.60
ORD, ewr, 02-27-2023, 9.1k miles, $5.60
ORD, ewr, 02-28-2023, 9.1k miles, $5.60
ORD, ewr, 03-01-2023, 9.1k miles, $5.60selected
ORD, ewr, 03-02-2023, 9.1k miles, $5.60
ORD, ewr, 03-03-2023, 9.1k miles, $5.60
ORD, ewr, 03-04-2023, 7.1k miles, $5.60Lowestprice
ORD, ewr, 03-05-2023, 9.1k miles, $5.60
ORD, ewr, 03-06-2023, 9.1k miles, $5.60
ORD, ewr, 03-07-2023, 9.1k miles, $5.60
ORD, ewr, 03-08-2023, 9.1k miles, $5.60
ORD, ewr, 03-09-2023, 9.1k miles, $5.60
ORD, ewr, 03-10-2023, 13.4k miles, $5.60
ORD, ewr, 03-11-2023, 14.8k miles, $5.60
ORD, ewr, 03-12-2023, 12.6k miles, $5.60
ORD, ewr, 03-13-2023, 9.1k miles, $5.60
ORD, ewr, 03-14-2023, 9.1k miles, $5.60
ORD, ewr, 03-15-2023, 9.1k miles, $5.60
ORD, ewr, 03-16-2023, 9.1k miles, $5.60
ORD, lga, 02-15-2023, 15k miles, $5.60
ORD, lga, 02-16-2023, 15k miles, $5.60
ORD, lga, 02-17-2023, 15k miles, $5.60
ORD, lga, 02-18-2023, 15k miles, $5.60
ORD, lga, 02-19-2023, 12.6k miles, $5.60
ORD, lga, 02-20-2023, 12.6k miles, $5.60
ORD, lga, 02-21-2023, 12.6k miles, $5.60
ORD, lga, 02-22-2023, 12.6k miles, $5.60
ORD, lga, 02-23-2023, 12.6k miles, $5.60
ORD, lga, 02-24-2023, 12.6k miles, $5.60
ORD, lga, 02-25-2023, 14.2k miles, $5.60
ORD, lga, 02-26-2023, 12.7k miles, $5.60
ORD, lga, 02-27-2023, 9.1k miles, $5.60Lowestprice
ORD, lga, 02-28-2023, 9.1k miles, $5.60Lowestprice
ORD, lga, 03-01-2023, 9.1k miles, $5.60Lowestpriceselected
ORD, lga, 03-02-2023, 9.1k miles, $5.60Lowestprice
ORD, lga, 03-03-2023, 9.1k miles, $5.60Lowestprice
ORD, lga, 03-04-2023, 9.1k miles, $5.60Lowestprice
ORD, lga, 03-05-2023, 9.1k miles, $5.60Lowestprice
ORD, lga, 03-06-2023, 9.1k miles, $5.60Lowestprice
ORD, lga, 03-07-2023, 9.1k miles, $5.60Lowestprice
ORD, lga, 03-08-2023, 9.1k miles, $5.60Lowestprice
ORD, lga, 03-09-2023, 9.1k miles, $5.60Lowestprice
ORD, lga, 03-10-2023, 10.9k miles, $5.60
ORD, lga, 03-11-2023, 10.9k miles, $5.60
ORD, lga, 03-12-2023, 10.1k miles, $5.60
ORD, lga, 03-13-2023, 9.1k miles, $5.60Lowestprice
ORD, lga, 03-14-2023, 9.1k miles, $5.60Lowestprice
ORD, lga, 03-15-2023, 9.1k miles, $5.60Lowestprice
ORD, lga, 03-16-2023, 9.1k miles, $5.60Lowestprice
ORD, dca, 02-15-2023, 15k miles, $5.60
ORD, dca, 02-16-2023, 15k miles, $5.60
ORD, dca, 02-17-2023, 15k miles, $5.60
ORD, dca, 02-18-2023, 15k miles, $5.60
ORD, dca, 02-19-2023, 15k miles, $5.60
ORD, dca, 02-20-2023, 15k miles, $5.60
ORD, dca, 02-21-2023, 15k miles, $5.60
ORD, dca, 02-22-2023, 15k miles, $5.60
ORD, dca, 02-23-2023, 15k miles, $5.60
ORD, dca, 02-24-2023, 15k miles, $5.60
ORD, dca, 02-25-2023, 15k miles, $5.60
ORD, dca, 02-26-2023, 13.4k miles, $5.60
ORD, dca, 02-27-2023, 12.2k miles, $5.60
ORD, dca, 02-28-2023, 10.8k miles, $5.60Lowestprice
ORD, dca, 03-01-2023, 10.8k miles, $5.60Lowestpriceselected
ORD, dca, 03-02-2023, 12.2k miles, $5.60
ORD, dca, 03-03-2023, 13.4k miles, $5.60
ORD, dca, 03-04-2023, 12.2k miles, $5.60
ORD, dca, 03-05-2023, 13.4k miles, $5.60
ORD, dca, 03-06-2023, 12.2k miles, $5.60
ORD, dca, 03-07-2023, 10.8k miles, $5.60Lowestprice
ORD, dca, 03-08-2023, 10.8k miles, $5.60Lowestprice
ORD, dca, 03-09-2023, 12.2k miles, $5.60
ORD, dca, 03-10-2023, 13.4k miles, $5.60
ORD, dca, 03-11-2023, 13.4k miles, $5.60
ORD, dca, 03-12-2023, 13.4k miles, $5.60
ORD, dca, 03-13-2023, 13.4k miles, $5.60
ORD, dca, 03-14-2023, 10.8k miles, $5.60Lowestprice
ORD, dca, 03-15-2023, 10.8k miles, $5.60Lowestprice
ORD, dca, 03-16-2023, 13.4k miles, $5.60
ORD, iad, 02-15-2023, 15k miles, $5.60
ORD, iad, 02-16-2023, 15k miles, $5.60
ORD, iad, 02-17-2023, 15k miles, $5.60
ORD, iad, 02-18-2023, 15k miles, $5.60
ORD, iad, 02-19-2023, 15k miles, $5.60
ORD, iad, 02-20-2023, 15k miles, $5.60
ORD, iad, 02-21-2023, 15k miles, $5.60
ORD, iad, 02-22-2023, 15k miles, $5.60
ORD, iad, 02-23-2023, 15k miles, $5.60
ORD, iad, 02-24-2023, 15k miles, $5.60
ORD, iad, 02-25-2023, 15k miles, $5.60
ORD, iad, 02-26-2023, 13.4k miles, $5.60
ORD, iad, 02-27-2023, 12.2k miles, $5.60
ORD, iad, 02-28-2023, 10.8k miles, $5.60Lowestprice
ORD, iad, 03-01-2023, 10.8k miles, $5.60Lowestpriceselected
ORD, iad, 03-02-2023, 12.2k miles, $5.60
ORD, iad, 03-03-2023, 13.4k miles, $5.60
ORD, iad, 03-04-2023, 12.2k miles, $5.60
ORD, iad, 03-05-2023, 13.4k miles, $5.60
ORD, iad, 03-06-2023, 12.2k miles, $5.60
ORD, iad, 03-07-2023, 10.8k miles, $5.60Lowestprice
ORD, iad, 03-08-2023, 10.8k miles, $5.60Lowestprice
ORD, iad, 03-09-2023, 12.2k miles, $5.60
ORD, iad, 03-10-2023, 13.4k miles, $5.60
ORD, iad, 03-11-2023, 15k miles, $5.60
ORD, iad, 03-12-2023, 15k miles, $5.60
ORD, iad, 03-13-2023, 13.4k miles, $5.60
ORD, iad, 03-14-2023, 10.8k miles, $5.60Lowestprice
ORD, iad, 03-15-2023, 10.8k miles, $5.60Lowestprice
ORD, iad, 03-16-2023, 13.4k miles, $5.60
